unicode_codepoint,unicode_name,unicode_utf8,sequence,category,description
U+2192,RIGHTWARDS ARROW,→,->,arrows,Right Arrow
U+21D2,RIGHTWARDS DOUBLE ARROW,⇒,=>,arrows,Right Double Arrow
U+2190,LEFTWARDS ARROW,←,<-,arrows,Left Arrow
U+21D0,LEFTWARDS DOUBLE ARROW,⇐,<=,arrows,Left Double Arrow
U+2194,LEFT RIGHT ARROW,↔,<->,arrows,Bidirectional Arrow
U+21D4,LEFT RIGHT DOUBLE ARROW,⇔,<=>,arrows,Bidirectional Double Arrow
U+27F6,LONG RIGHTWARDS ARROW,⟶,-->,arrows,Long Right Arrow
U+27F5,LONG LEFTWARDS ARROW,⟵,<--,arrows,Long Left Arrow
U+21A0,RIGHTWARDS TWO HEADED ARROW,↠,->>,arrows,Right Arrow with Tail
U+219E,LEFTWARDS TWO HEADED ARROW,↞,<<-,arrows,Left Arrow with Tail
U+219D,RIGHTWARDS WAVE ARROW,↝,~>,arrows,Wavy Right Arrow
U+219C,LEFTWARDS WAVE ARROW,↜,<~,arrows,Wavy Left Arrow
U+2260,NOT EQUAL TO,≠,"!=,<>",comparison,Not Equal To
U+2261,IDENTICAL TO,≡,==,comparison,Identical To
U+2264,LESS-THAN OR EQUAL TO,≤,<=,comparison,Less Than or Equal To
U+2265,GREATER-THAN OR EQUAL TO,≥,>=,comparison,Greater Than or Equal To
U+00B1,PLUS-MINUS SIGN,±,+-,math,Plus-Minus Sign
U+2213,MINUS-OR-PLUS SIGN,∓,-+,math,Minus-Plus Sign
U+00D7,MULTIPLICATION SIGN,×,**,math,Multiplication Sign
U+22C6,STAR OPERATOR,⋆,***,math,Asterisk Operator
U+00F7,DIVISION SIGN,÷,//,math,Division Sign
U+221A,SQUARE ROOT,√,sqrt,math,Square Root
U+221E,INFINITY,∞,inf,math,Infinity
U+2211,N-ARY SUMMATION,∑,sum,math,Summation
U+220F,N-ARY PRODUCT,∏,prod,math,Product
U+2227,LOGICAL AND,∧,&&,logic,Logical AND
U+2228,LOGICAL OR,∨,||,logic,Logical OR
U+00AC,NOT SIGN,¬,!,logic,Logical NOT
U+2200,FOR ALL,∀,"for all",logic,Universal Quantifier
U+2203,THERE EXISTS,∃,exists,logic,Existential Quantifier
U+2295,CIRCLED PLUS,⊕,xor,logic,Exclusive OR
U+22A4,DOWN TACK,⊤,\top,logic,Logical True
U+22A5,UP TACK,⊥,\bottom,logic,Logical False
U+2208,ELEMENT OF,∈,in,sets,Element Of
U+2209,NOT AN ELEMENT OF,∉,"not in",sets,Not an Element Of
U+222A,UNION,∪,union,sets,Union
U+2229,INTERSECTION,∩,intersection,sets,Intersection
U+2282,SUBSET OF,⊂,subset,sets,Subset Of
U+2283,SUPERSET OF,⊃,superset,sets,Superset Of
U+2286,SUBSET OF OR EQUAL TO,⊆,subset=,sets,Subset Of or Equal To
U+2287,SUPERSET OF OR EQUAL TO,⊇,superset=,sets,Superset Of or Equal To
U+2205,EMPTY SET,∅,emptyset,sets,Empty Set
U+2026,HORIZONTAL ELLIPSIS,…,...,punctuation,Ellipsis
U+2013,EN DASH,–,--,punctuation,En Dash
U+2014,EM DASH,—,---,punctuation,Em Dash
U+2237,PROPORTION,∷,::,punctuation,Proportion
U+00AB,LEFT-POINTING DOUBLE ANGLE QUOTATION MARK,«,<<,punctuation,Left-Pointing Double Angle Quotation Mark
U+00BB,RIGHT-POINTING DOUBLE ANGLE QUOTATION MARK,»,>>,punctuation,Right-Pointing Double Angle Quotation Mark
U+201C,LEFT DOUBLE QUOTATION MARK,",",",punctuation,Quotation Mark
U+2018,LEFT SINGLE QUOTATION MARK,',',',punctuation,Apostrophe
U+20AC,EURO SIGN,€,EUR,currency,Euro Sign
U+00A3,POUND SIGN,£,GBP,currency,Pound Sign
U+00A5,YEN SIGN,¥,JPY,currency,Yen Sign
U+0024,DOLLAR SIGN,$,USD,currency,Dollar Sign
U+00A2,CENT SIGN,¢,cent,currency,Cent Sign
U+20BF,BITCOIN SIGN,₿,BTC,currency,Bitcoin Sign
U+00A9,COPYRIGHT SIGN,©,copyright,common_symbols,Copyright Sign
U+00AE,REGISTERED SIGN,®,registered,common_symbols,Registered Sign
U+2122,TRADE MARK SIGN,™,trademark,common_symbols,Trademark Sign
U+00B0,DEGREE SIGN,°,degree,common_symbols,Degree Sign
U+00B5,MICRO SIGN,µ,micro,common_symbols,Micro Sign
U+2022,BULLET,•,bullet,common_symbols,Bullet
U+00B6,PILCROW SIGN,¶,paragraph,common_symbols,Pilcrow Sign
U+00A7,SECTION SIGN,§,section,common_symbols,Section Sign
U+2713,CHECK MARK,✓,check,common_symbols,Check Mark
U+2717,BALLOT X,✗,cross,common_symbols,Ballot X
